{"cameraMode":{"drawMode":0,"name":"Shaded","section":"Shading Mode"},"sceneLighting":false,"audioPlay":false,"sceneViewState":{"showFog":true,"showMaterialUpdate":false,"showSkybox":false,"showFlares":true,"showImageEffects":true,"showParticleSystems":true},"in2DMode":false,"pivot":{"x":6.550000190734863,"y":0.26999998092651369,"z":-5.940000057220459},"rotation":{"x":-0.3158096671104431,"y":0.003412411315366626,"z":-0.001137727522291243,"w":-0.9488237500190735},"size":1.7320507764816285,"orthographic":false}