{"cameraMode":{"drawMode":0,"name":"Shaded","section":"Shading Mode"},"sceneLighting":false,"audioPlay":false,"sceneViewState":{"showFog":true,"showMaterialUpdate":false,"showSkybox":false,"showFlares":true,"showImageEffects":true,"showParticleSystems":true},"in2DMode":false,"pivot":{"x":2.3935911655426027,"y":-0.4596993923187256,"z":10.167349815368653},"rotation":{"x":-0.4283503592014313,"y":-0.022497352212667466,"z":0.010671727359294892,"w":-0.903278112411499},"size":15.798611640930176,"orthographic":false}