{"cameraMode":{"drawMode":0,"name":"Shaded","section":"Shading Mode"},"sceneLighting":false,"audioPlay":false,"sceneViewState":{"showFog":true,"showMaterialUpdate":false,"showSkybox":false,"showFlares":true,"showImageEffects":true,"showParticleSystems":true},"in2DMode":false,"pivot":{"x":6.550000190734863,"y":0.26999998092651369,"z":-5.940000057220459},"rotation":{"x":-0.2291361540555954,"y":0.0312380101531744,"z":-0.00735497148707509,"w":-0.9728718400001526},"size":1.7320507764816285,"orthographic":false}