{"cameraMode":{"drawMode":0,"name":"Shaded","section":"Shading Mode"},"sceneLighting":true,"audioPlay":false,"sceneViewState":{"showFog":true,"showMaterialUpdate":false,"showSkybox":true,"showFlares":true,"showImageEffects":true,"showParticleSystems":true},"in2DMode":false,"pivot":{"x":18.529504776000978,"y":-30.39813232421875,"z":23.673553466796876},"rotation":{"x":-0.41897010803222659,"y":0.0032695066183805467,"z":-0.0015008078189566732,"w":-0.9080043435096741},"size":46.795257568359378,"orthographic":false}