{"cameraMode":{"drawMode":0,"name":"Shaded","section":"Shading Mode"},"sceneLighting":true,"audioPlay":false,"sceneViewState":{"showFog":true,"showMaterialUpdate":false,"showSkybox":true,"showFlares":true,"showImageEffects":true,"showParticleSystems":true},"in2DMode":false,"pivot":{"x":13.946527481079102,"y":-63.72767639160156,"z":35.04471206665039},"rotation":{"x":-0.4858289957046509,"y":-0.0007895003072917461,"z":0.00043819041457027197,"w":-0.8740560412406921},"size":61.9963264465332,"orthographic":false}