{"cameraMode":{"drawMode":0,"name":"Shaded","section":"Shading Mode"},"sceneLighting":true,"audioPlay":false,"sceneViewState":{"showFog":true,"showMaterialUpdate":false,"showSkybox":true,"showFlares":true,"showImageEffects":true,"showParticleSystems":true},"in2DMode":false,"pivot":{"x":22.919391632080079,"y":-18.679115295410158,"z":11.523792266845704},"rotation":{"x":-0.46205100417137148,"y":0.0034694992937147619,"z":-0.0018080853624269367,"w":-0.8868463039398193},"size":38.650108337402347,"orthographic":false}