{"cameraMode":{"drawMode":0,"name":"Shaded","section":"Shading Mode"},"sceneLighting":true,"audioPlay":false,"sceneViewState":{"showFog":true,"showMaterialUpdate":false,"showSkybox":true,"showFlares":true,"showImageEffects":true,"showParticleSystems":true},"in2DMode":false,"pivot":{"x":-0.1333003044128418,"y":-30.837379455566408,"z":81.95026397705078},"rotation":{"x":0.23216529190540315,"y":0.008748809807002545,"z":-0.0020893493201583626,"w":0.9726473689079285},"size":38.9981689453125,"orthographic":false}