{"cameraMode":{"drawMode":0,"name":"Shaded","section":"Shading Mode"},"sceneLighting":false,"audioPlay":false,"sceneViewState":{"showFog":true,"showMaterialUpdate":false,"showSkybox":false,"showFlares":true,"showImageEffects":true,"showParticleSystems":true},"in2DMode":false,"pivot":{"x":2.15035343170166,"y":3.856951951980591,"z":6.453845024108887},"rotation":{"x":-0.08790075033903122,"y":0.2079154998064041,"z":-0.018758714199066163,"w":-0.9740197062492371},"size":3.9247446060180666,"orthographic":false}