{"cameraMode":{"drawMode":0,"name":"Shaded","section":"Shading Mode"},"sceneLighting":false,"audioPlay":false,"sceneViewState":{"showFog":true,"showMaterialUpdate":false,"showSkybox":false,"showFlares":true,"showImageEffects":true,"showParticleSystems":true},"in2DMode":false,"pivot":{"x":-10.090011596679688,"y":0.2465229034423828,"z":-8.052453994750977},"rotation":{"x":0.12991590797901154,"y":-0.5708239078521729,"z":0.09205585718154907,"w":0.8055315613746643},"size":0.8660253882408142,"orthographic":false}