{"cameraMode":{"drawMode":0,"name":"Shaded","section":"Shading Mode"},"sceneLighting":true,"audioPlay":false,"sceneViewState":{"showFog":true,"showMaterialUpdate":false,"showSkybox":true,"showFlares":true,"showImageEffects":true,"showParticleSystems":true},"in2DMode":false,"pivot":{"x":358.57440185546877,"y":0.08787404000759125,"z":37.735206604003909},"rotation":{"x":0.19813252985477448,"y":-0.7921283841133118,"z":0.3325827121734619,"w":0.47189652919769289},"size":76.9513931274414,"orthographic":false}